<?xml version="1.0" encoding="UTF-8"?>
<?xml-stylesheet type="text/xsl" href="configuration.xsl"?>
<!--
  Licensed under the Apache License, Version 2.0 (the "License");
  you may not use this file except in compliance with the License.
  You may obtain a copy of the License at

    http://www.apache.org/licenses/LICENSE-2.0

  Unless required by applicable law or agreed to in writing, software
  distributed under the License is distributed on an "AS IS" BASIS,
  WITHOUT WARRANTIES OR CONDITIONS OF ANY KIND, either express or implied.
  See the License for the specific language governing permissions and
  limitations under the License. See accompanying LICENSE file.
-->

<!-- Put site-specific property overrides in this file. -->

<configuration>
<!-- 指定 hdfs抽象目录树的入口 的 nameservice 为 bd1901 -->
<property>
<name>fs.defaultFS</name>
<value>hdfs://bd1901/</value>
</property>

<!-- 指定 hadoop 工作目录 datanode|namenode存储的数据目录 -->
<property>
<name>hadoop.tmp.dir</name>
<value>/home/hadoop/data/hadoopdata/</value>
</property>

<!-- 指定 zookeeper 集群访问地址 -->
<property>
<name>ha.zookeeper.quorum</name>
<value>hdp01:2181,hdp02:2181,hdp03:2181</value>

</property>



<property>
<!-- 配置hdfs允许哪些外部主机连接 第二个hadoop代表的是连接的用户名（安装hive的普通用户名） -->
 <name>hadoop.proxyuser.hadoop.hosts</name>
 <value>*</value>
</property>
<property>
 <name>hadoop.proxyuser.hadoop.groups</name>
 <value>*</value>
</property>
</configuration>
